<?xml version="1.0" encoding="UTF-8"?>
<!DOCTYPE mapper
  PUBLIC "-//mybatis.org//DTD Mapper 3.0//EN"
  "http://mybatis.org/dtd/mybatis-3-mapper.dtd">
<mapper namespace="com.care.root.mybatis.member.MemberMapper">

	<resultMap type="com.care.root.member.dto.MemberDTO" 
												id="member">
		<id property="id" column="id"/>
		<result property="pw" column="pw" />
		<result property="addr" column="addr" />
	</resultMap>
	<select id="getUser" resultMap="member">
		select * from membership where id = #{id}
	</select>
	<select id="memberInfo" resultMap="member">
		select * from membership
	</select>
	<insert id="register">
		insert into membership(id, pw, addr)
						values(#{id},#{pw},#{addr})
	</insert>
	<delete id="delete">
		delete from membership where id=#{id}
	</delete>
	<update id="modify">
		update membership set addr=#{addr},
							pw = #{pw} where id=#{id}
	</update>
</mapper>












